{
    "th_uaa": {
        "manual": [
            0.979,
            0.991
        ],
        "auto": [
            0.979,
            0.991
        ]
    },
    "th_rce": {
        "manual": [
            0.979,
            0.991
        ],
        "auto": [
            0.979,
            0.991
        ]
    },
    "th_fdn": {
        "manual": [
            0.979,
            0.991
        ],
        "auto": [
            0.979,
            0.991
        ]
    },
    "th_ig": {
        "manual": [
            0.979,
            0.991
        ],
        "auto": [
            0.979,
            0.991
        ]
    },
    "th_fup": {
        "manual": [
            0.979,
            0.991
        ],
        "auto": [
            0.979,
            0.991
        ]
    },
    "th_xss": {
        "manual": [
            0.979,
            0.991
        ],
        "auto": [
            0.979,
            0.991
        ]
    },
    "th_sqli": {
        "manual": [
            0.979,
            0.991
        ],
        "auto": [
            0.9956948757171632,
            0.9999322651039897
        ]
    }
}